create table place (place_no INTEGER PRIMARY KEY,place_town VARCHAR(20),place_country  VARCHAR(20));
create table musician (m_no INTEGER PRIMARY KEY,m_name VARCHAR(20) ,born DATE ,died DATE,born_in INTEGER,living_in INTEGER );
create table performer (perf_no integer  primary key,perf_is integer,instrument varchar(20) not null,perf_type  varchar(20)  default 'not known'  );
create table composer (  comp_no integer     primary key,  comp_is integer not null  references musician (m_no),  comp_type varchar(10)  );
create table band ( band_no INTEGER  PRIMARY KEY,band_name VARCHAR(20),band_home INTEGER NOT NULL REFERENCES PLACE (place_no),band_type VARCHAR(10) ,b_date DATE,band_contact INTEGER NOT NULL REFERENCES musician (m_no) );
create table plays_in  (  player integer not null references performer (perf_no),  band_id integer not null references band (band_no),  primary key ( player, band_id)  );
create table composition (  c_no integer  primary key, comp_date DATE,  c_title varchar(40) not null,  c_in integer references place (place_no)  );
create table has_composed  (  cmpr_no integer not null  references composer (comp_no),  cmpn_no integer not null  references composition (c_no),  primary key ( cmpr_no, cmpn_no )  );
create table concert  (  concert_no integer  primary key,  concert_venue varchar(20),  concert_in  integer not null references place (place_no), con_date DATE,  concert_organiser integer references musician (m_no)  );
create table performance(  pfrmnc_no integer  primary key,  gave    integer references band (band_no),  performed integer references composition (c_no),  conducted_by  integer references musician (m_no),  performed_in  integer references concert (concert_no)  );


insert into concert values(1,'Bridgewater Hall',1,'1995-01-06',21); 
insert into concert values(2,'Bridgewater Hall',1,'1996-05-08',3); 
insert into concert values(3,'Usher Hall',2,'1995-06-03',3); 
insert into concert values(4,'Assembly Rooms',2,'1997-09-20',21); 
insert into concert values(5,'Festspiel Haus',3,'1995-02-21',8); 
insert into concert values(6,'Royal Albert Hall',7,'1993-04-12',8); 
insert into concert values(7,'Concertgebouw',9,'1993-01-14',8); 
insert into concert values(8,'Metropolitan',4,'1997-01-15',21); 

insert into plays_in values(1,1);
insert into plays_in values(1,7);
insert into plays_in values(3,1);
insert into plays_in values(4,1);
insert into plays_in values(4,7);
insert into plays_in values(5,1);
insert into plays_in values(6,1);
insert into plays_in values(6,7);
insert into plays_in values(7,1);
insert into plays_in values(8,1);
insert into plays_in values(8,7);
insert into plays_in values(10,2);
insert into plays_in values(12,2);
insert into plays_in values(13,2);
insert into plays_in values(14,2);
insert into plays_in values(14,8);
insert into plays_in values(15,2);
insert into plays_in values(15,8);
insert into plays_in values(17,2);
insert into plays_in values(18,2);
insert into plays_in values(19,3);
insert into plays_in values(20,3);
insert into plays_in values(21,4);
insert into plays_in values(22,4);
insert into plays_in values(23,4);
insert into plays_in values(25,5);
insert into plays_in values(26,6);
insert into plays_in values(27,6);
insert into plays_in values(28,7);
insert into plays_in values(28,8);
insert into plays_in values(29,7);

insert into band (band_no, band_name , band_home, band_type, b_date, band_contact) values(1,'ROP',5,'classical','30/01/01',11);
insert into band (band_no, band_name , band_home, band_type,band_contact) values(2,'AASO',6,'classical',10);
insert into band (band_no, band_name , band_home, band_type, band_contact) values(3,'The J Bs',8,'jazz',12);
insert into band (band_no, band_name , band_home, band_type,band_contact) values(4,'BBSO',9,'classical',21);
insert into band (band_no, band_name , band_home, band_type,band_contact) values(5,'The left Overs',2,'jazz',8);
insert into band (band_no, band_name , band_home, band_type,band_contact) values(6,'Somebody Loves this',1,'jazz',6);
insert into band (band_no, band_name , band_home, band_type,band_contact) values(7,'Oh well',4,'classical',3);
insert into band (band_no, band_name , band_home, band_type,band_contact) values(8,'Swinging strings',4,'classical',7);
insert into band (band_no, band_name , band_home, band_type,band_contact) values(9,'The Rest',9,'jazz',16);

insert into composer(comp_no,comp_is,comp_type) values(1,1,'jazz');
insert into composer(comp_no,comp_is,comp_type) values(2,3,'classical');
insert into composer(comp_no,comp_is,comp_type) values(3,5,'jazz');
insert into composer(comp_no,comp_is,comp_type) values(4,7,'classical');
insert into composer(comp_no,comp_is,comp_type) values(5,9,'jazz');
insert into composer(comp_no,comp_is,comp_type) values(6,11,'rock');
insert into composer(comp_no,comp_is,comp_type) values(7,13,'classical');
insert into composer(comp_no,comp_is,comp_type) values(8,15,'jazz');
insert into composer(comp_no,comp_is,comp_type) values(9,17,'classical');
insert into composer(comp_no,comp_is,comp_type) values(10,19,'jazz');
insert into composer(comp_no,comp_is,comp_type) values(11,10,'rock');
insert into composer(comp_no,comp_is,comp_type) values(12,8,'jazz');

insert into has_composed values(1,1);
insert into has_composed values(1,8);
insert into has_composed values(2,11);
insert into has_composed values(3,2);
insert into has_composed values(3,13);
insert into has_composed values(3,14);
insert into has_composed values(3,18);
insert into has_composed values(4,12);
insert into has_composed values(4,20);
insert into has_composed values(5,3);
insert into has_composed values(5,13);
insert into has_composed values(5,14);
insert into has_composed values(6,15);
insert into has_composed values(6,21);
insert into has_composed values(7,4);
insert into has_composed values(7,9);
insert into has_composed values(8,16);
insert into has_composed values(9,5);
insert into has_composed values(9,10);
insert into has_composed values(10,17);
insert into has_composed values(11,6);
insert into has_composed values(12,7);
insert into has_composed values(12,19);

insert into musician(m_no,m_name,born,born_in,living_in) values(1,'Fred Bloggs','48/01/02',1,2); 
insert into musician(m_no,m_name,born,born_in,living_in) values(2,'John Smith','50/03/03',3,4); 
insert into musician(m_no,m_name,born,born_in,living_in) values(3,'Helen Smyth','48/08/08',4,5); 
insert into musician (m_no,m_name,born,died,born_in,living_in)values(4,'Harriet Smithson','09/05/09','80/09/20',5,6); 
insert into musician(m_no,m_name,born,born_in,living_in) values(5,'James First','65/06/10 ',7,7); 
insert into musician(m_no,m_name,born,born_in,living_in) values(6,'Theo Mengel','48/08/12',7,1); 
insert into musician(m_no,m_name,born,born_in,living_in) values(7,'Sue Little','45/02/21',8,9); 
insert into musician(m_no,m_name,born,born_in,living_in) values(8,'Harry Forte','51/02/28',1,8); 
insert into musician(m_no,m_name,born,born_in,living_in) values(9,'Phil Hot','42/06/30',2,7); 
insert into musician(m_no,m_name,born,born_in,living_in) values(10,'Jeff Dawn','45/12/12',3,6); 
insert into musician(m_no,m_name,born,born_in,living_in) values(11,'Rose Spring','48/05/25',4,5); 
insert into musician(m_no,m_name,born,born_in,living_in) values(12,'Davis Heavan','75/10/03',5,4); 
insert into musician(m_no,m_name,born,born_in,living_in) values(13,'Lovely Time','48/12/28',6,3); 
insert into musician values(14,'Alan Fluff','35/01/15','97/05/15',7,2); 
insert into musician(m_no,m_name,born,born_in,living_in) values(15,'Tony Smythe','32/04/02',8,1); 
insert into musician(m_no,m_name,born,born_in,living_in) values(16,'James Quick','1924/08/02',9,2); 
insert into musician(m_no,m_name,born,born_in,living_in) values(17,  'Freda Miles',  '1920/07/04',    9 , 3); 
insert into musician(m_no,m_name,born,born_in,living_in) values(18,  'Elsie James',  '47/05/06',    8,  5); 
insert into musician(m_no,m_name,born,born_in,living_in) values(19,  'Andy Jones', ' 58/10/08',    7 , 6); 
insert into musician values(20,'Louise Simpson','48/01/10','98/02/11',6,6); 
insert into musician(m_no,m_name,born,born_in,living_in) values( 21,  'James Steeple',  '47/01/10',    5 , 6); 
insert into musician(m_no,m_name,born,born_in,living_in) values(22,  'Steven Chaytors', '56/03/11',   6 , 7); 
       
insert into place values( 1 , 'Manchester',  'England');
insert into  place values( 2 , 'Edinburgh',  'Scotland' );
insert into  place values( 3 , 'Salzburg', 'Austria' );
insert into  place values( 4 , 'New York','USA' );
insert into place values( 5 , 'Birmingham' , 'England' );
insert into  place values( 6 , 'Glasgow' ,'Scotland' );
insert into  place values( 7 , 'London','England' );
insert into  place values( 8 , 'Chicago' ,'USA');
insert into  place values( 9 , 'Amsterdam' ,'Netherlands');

 insert into composition (c_no,comp_date,c_title,c_in) values(1,  '75/06/17', 'Opus', 1); 
 insert into composition (c_no,comp_date,c_title,c_in) values(2 ,'76/07/21',  'Here Goes',  2); 
 insert into composition (c_no,comp_date,c_title,c_in) values(3 ,'81/12/14',  'Valiant Knight',  3); 
 insert into composition (c_no,comp_date,c_title,c_in) values(4 ,'82/01/12',  'Little Piece',  4); 
 insert into composition (c_no,comp_date,c_title,c_in) values(5 ,'85/03/13',  'Simple Song',  5); 
 insert into composition (c_no,comp_date,c_title,c_in) values(6 ,'86/04/14',  'Little Swing Song',  6); 
 insert into composition (c_no,comp_date,c_title,c_in) values(7 ,'87/05/13',  'Fast Journey',  7); 
 insert into composition (c_no,comp_date,c_title,c_in) values(8 ,'76/02/14',  'Simple Love Song',  8); 
 insert into composition (c_no,comp_date,c_title,c_in) values(9 ,'82/01/21',  'Complex Rythms',  9); 
 insert into composition (c_no,comp_date,c_title,c_in) values(10,'85/02/23',  'Drumming Rythms',  9); 
insert into composition (c_no,comp_date,c_title,c_in) values(11,'78/03/18',  'Fast Drumming',  8); 
 insert into composition (c_no,comp_date,c_title,c_in) values(12 ,'84/08/13',  'Slow Song',  7); 
 insert into composition (c_no,comp_date,c_title,c_in) values(13 ,'68/09/14',  'Blue Roses',  6); 
 insert into composition (c_no,comp_date,c_title,c_in) values(14 ,'83/11/15',  'Velvet Rain',  5); 
 insert into composition (c_no,comp_date,c_title,c_in) values(15 ,'82/05/16',  'Cold Wind',  4); 
 insert into composition (c_no,comp_date,c_title,c_in) values(16 ,'83/06/18',  'After the Wind Blows',  3); 
 insert into composition (c_no,c_title,c_in) values(17,'A Simple Piece',  2); 
 insert into composition (c_no,comp_date,c_title,c_in) values(18 ,'85/01/12',  'Long Rythms',  1); 
 insert into composition (c_no,comp_date,c_title,c_in) values(19,'88/02/12', 'Eastern Wind',  1); 
 insert into composition (c_no,c_title,c_in) values(20,'Slow SymphonyBlowing',  2); 
 insert into composition (c_no,comp_date,c_title,c_in) values(21 ,'90/07/12',  'A Last Song',  6); 
       
insert into performance values(1,1,1,21,1);
insert into performance values( 2,  1,  3,  21 ,1 );
insert into performance values(3,  1,  5,  21,  1);
insert into performance values(4,  1,2,  1,  2);
insert into performance values(5,  2,  4,  21,  2);
insert into performance values(6,  2,  6,  21,  2);
insert into performance values(7,  4,  19,  9,  3);
insert into performance values(8,  4,  20,  10,  3);
insert into performance values(9,  5,  12,  10,  4);
insert into performance values(10, 5, 13,  11,  4);
insert into performance values (11,  3,  5,  13,  5);
insert into performance values(12 ,3,  6,  13,  5);
insert into performance values(13,  3,  7,  13,  5);
insert into performance values(14,  6,  20,  14,  6);
insert into performance values(15,  8,  12,  15,  7);
insert into performance values(16,  9,  16,  21,  8);
insert into performance values(17,  9,  17,  21,  8);
insert into performance values(18,  9,  18,  21,  8);
insert into performance values(19,  9,  19,  21,  8);
insert into performance values(20,  4,  12,  10,  3);
  
insert into performer values(1	,2,"violin","classical");
insert into performer  values(2	,4	,"viola"	,"classical");
insert into performer values(3	,6	,"banjo"	,"jazz");
insert into performer values(4	,8	,"violin"	,"classical");
insert into performer values(5	,12	,"guitar"	,"jazz");
insert into performer values(6	,14	,"violin"	,"classical");
insert into performer values(7	,16	,"trumpet"	,"jazz");
insert into performer values(8	,18	,"viola"	,"classical");
insert into performer values(9	,20	,"bass"	,"jazz");
insert into performer values(10	,2	,"flute"	,"jazz");
insert into performer values(11	,20	,"cornet"	,"jazz");
insert into performer values(12	,6	,"violin"	,"jazz");
insert into performer values(13	,8	,"drums"	,"jazz");
insert into performer values(14	,10	,"violin"	,"classical");
insert into performer values(15	,12	,"cello"	,"classical");
insert into performer values(16	,14	,"viola"	,"classical");
insert into performer values(17	,16	,"flute"	,"jazz");
insert into performer values(18	,18	,"guitar"	,"not known");
insert into performer values(19	,20	,"trombone",	"jazz");
insert into performer values(20	,3	,"horn"	,"jazz");
insert into performer values(21	,5	,"violin"	,"jazz");
insert into performer values(22	,7	,"cello"	,"classical");
insert into performer values(23	,2	,"bass"	,"jazz");
insert into performer values(24	,4	,"violin"	,"jazz");
insert into performer values(25	,6	,"drums"	,"classical");
insert into performer values(26	,8	,"clarinet" ,"jazz");
insert into performer values(27	,10      ,"bass"	,"jazz");
insert into performer values(28	,12	,"viola"	,"classical");
insert into performer values(29	,18	,"cello"	,"classical");

mysql> select * from place;
+----------+------------+---------------+
| place_no | place_town | place_country |
+----------+------------+---------------+
|        1 | Manchester | England       |
|        2 | Edinburgh  | Scotland      |
|        3 | Salzburg   | Austria       |
|        4 | New York   | USA           |
|        5 | Birmingham | England       |
|        6 | Glasgow    | Scotland      |
|        7 | London     | England       |
|        8 | Chicago    | USA           |
|        9 | Amsterdam  | Netherlands   |
+----------+------------+---------------+
9 rows in set (0.00 sec)

mysql> select * from musician;
+------+------------------+------------+------------+---------+-----------+
| m_no | m_name           | born       | died       | born_in | living_in |
+------+------------------+------------+------------+---------+-----------+
|    1 | Fred Bloggs      | 2048-01-02 | NULL       |       1 |         2 |
|    2 | John Smith       | 2050-03-03 | NULL       |       3 |         4 |
|    3 | Helen Smyth      | 2048-08-08 | NULL       |       4 |         5 |
|    4 | Harriet Smithson | 2009-05-09 | 1980-09-20 |       5 |         6 |
|    5 | James First      | 2065-06-10 | NULL       |       7 |         7 |
|    6 | Theo Mengel      | 2048-08-12 | NULL       |       7 |         1 |
|    7 | Sue Little       | 2045-02-21 | NULL       |       8 |         9 |
|    8 | Harry Forte      | 2051-02-28 | NULL       |       1 |         8 |
|    9 | Phil Hot         | 2042-06-30 | NULL       |       2 |         7 |
|   10 | Jeff Dawn        | 2045-12-12 | NULL       |       3 |         6 |
|   11 | Rose Spring      | 2048-05-25 | NULL       |       4 |         5 |
|   12 | Davis Heavan     | 1975-10-03 | NULL       |       5 |         4 |
|   13 | Lovely Time      | 2048-12-28 | NULL       |       6 |         3 |
|   14 | Alan Fluff       | 2035-01-15 | 1997-05-15 |       7 |         2 |
|   15 | Tony Smythe      | 2032-04-02 | NULL       |       8 |         1 |
|   16 | James Quick      | 1924-08-02 | NULL       |       9 |         2 |
|   17 | Freda Miles      | 1920-07-04 | NULL       |       9 |         3 |
|   18 | Elsie James      | 2047-05-06 | NULL       |       8 |         5 |
|   19 | Andy Jones       | 2058-10-08 | NULL       |       7 |         6 |
|   20 | Louise Simpson   | 2048-01-10 | 1998-02-11 |       6 |         6 |
|   21 | James Steeple    | 2047-01-10 | NULL       |       5 |         6 |
|   22 | Steven Chaytors  | 2056-03-11 | NULL       |       6 |         7 |
+------+------------------+------------+------------+---------+-----------+
22 rows in set (0.13 sec)

mysql> select * from performer;
+---------+---------+------------+-----------+
| perf_no | perf_is | instrument | perf_type |
+---------+---------+------------+-----------+
|       1 |       2 | violin     | classical |
|       2 |       4 | viola      | classical |
|       3 |       6 | banjo      | jazz      |
|       4 |       8 | violin     | classical |
|       5 |      12 | guitar     | jazz      |
|       6 |      14 | violin     | classical |
|       7 |      16 | trumpet    | jazz      |
|       8 |      18 | viola      | classical |
|       9 |      20 | bass       | jazz      |
|      10 |       2 | flute      | jazz      |
|      11 |      20 | cornet     | jazz      |
|      12 |       6 | violin     | jazz      |
|      13 |       8 | drums      | jazz      |
|      14 |      10 | violin     | classical |
|      15 |      12 | cello      | classical |
|      16 |      14 | viola      | classical |
|      17 |      16 | flute      | jazz      |
|      18 |      18 | guitar     | not known |
|      19 |      20 | trombone   | jazz      |
|      20 |       3 | horn       | jazz      |
|      21 |       5 | violin     | jazz      |
|      22 |       7 | cello      | classical |
|      23 |       2 | bass       | jazz      |
|      24 |       4 | violin     | jazz      |
|      25 |       6 | drums      | classical |
|      26 |       8 | clarinet   | jazz      |
|      27 |      10 | bass       | jazz      |
|      28 |      12 | viola      | classical |
|      29 |      18 | cello      | classical |
+---------+---------+------------+-----------+
29 rows in set (0.00 sec)

mysql> select * from composer;
+---------+---------+-----------+
| comp_no | comp_is | comp_type |
+---------+---------+-----------+
|       1 |       1 | jazz      |
|       2 |       3 | classical |
|       3 |       5 | jazz      |
|       4 |       7 | classical |
|       5 |       9 | jazz      |
|       6 |      11 | rock      |
|       7 |      13 | classical |
|       8 |      15 | jazz      |
|       9 |      17 | classical |
|      10 |      19 | jazz      |
|      11 |      10 | rock      |
|      12 |       8 | jazz      |
+---------+---------+-----------+
12 rows in set (0.05 sec)

mysql> select * from band;
+---------+---------------------+-----------+-----------+------------+--------------+
| band_no | band_name           | band_home | band_type | b_date     | band_contact |
+---------+---------------------+-----------+-----------+------------+--------------+
|       1 | ROP                 |         5 | classical | 2030-01-01 |           11 |
|       2 | AASO                |         6 | classical | NULL       |           10 |
|       3 | The J Bs            |         8 | jazz      | NULL       |           12 |
|       4 | BBSO                |         9 | classical | NULL       |           21 |
|       5 | The left Overs      |         2 | jazz      | NULL       |            8 |
|       6 | Somebody Loves this |         1 | jazz      | NULL       |            6 |
|       7 | Oh well             |         4 | classical | NULL       |            3 |
|       8 | Swinging strings    |         4 | classical | NULL       |            7 |
|       9 | The Rest            |         9 | jazz      | NULL       |           16 |
+---------+---------------------+-----------+-----------+------------+--------------+
9 rows in set (0.03 sec)

mysql> select * from plays_in;
+--------+---------+
| player | band_id |
+--------+---------+
|      1 |       1 |
|      1 |       7 |
|      3 |       1 |
|      4 |       1 |
|      4 |       7 |
|      5 |       1 |
|      6 |       1 |
|      6 |       7 |
|      7 |       1 |
|      8 |       1 |
|      8 |       7 |
|     10 |       2 |
|     12 |       2 |
|     13 |       2 |
|     14 |       2 |
|     14 |       8 |
|     15 |       2 |
|     15 |       8 |
|     17 |       2 |
|     18 |       2 |
|     19 |       3 |
|     20 |       3 |
|     21 |       4 |
|     22 |       4 |
|     23 |       4 |
|     25 |       5 |
|     26 |       6 |
|     27 |       6 |
|     28 |       7 |
|     28 |       8 |
|     29 |       7 |
+--------+---------+
31 rows in set (0.03 sec)

mysql> select * from composition;
+------+------------+----------------------+------+
| c_no | comp_date  | c_title              | c_inplace |
+------+------------+----------------------+------+
|    1 | 1975-06-17 | Opus                 |    1 |
|    2 | 1976-07-21 | Here Goes            |    2 |
|    3 | 1981-12-14 | Valiant Knight       |    3 |
|    4 | 1982-01-12 | Little Piece         |    4 |
|    5 | 1985-03-13 | Simple Song          |    5 |
|    6 | 1986-04-14 | Little Swing Song    |    6 |
|    7 | 1987-05-13 | Fast Journey         |    7 |
|    8 | 1976-02-14 | Simple Love Song     |    8 |
|    9 | 1982-01-21 | Complex Rythms       |    9 |
|   10 | 1985-02-23 | Drumming Rythms      |    9 |
|   11 | 1978-03-18 | Fast Drumming        |    8 |
|   12 | 1984-08-13 | Slow Song            |    7 |
|   13 | 2068-09-14 | Blue Roses           |    6 |
|   14 | 1983-11-15 | Velvet Rain          |    5 |
|   15 | 1982-05-16 | Cold Wind            |    4 |
|   16 | 1983-06-18 | After the Wind Blows |    3 |
|   17 | NULL       | A Simple Piece       |    2 |
|   18 | 1985-01-12 | Long Rythms          |    1 |
|   19 | 1988-02-12 | Eastern Wind         |    1 |
|   20 | NULL       | Slow SymphonyBlowing |    2 |
|   21 | 1990-07-12 | A Last Song          |    6 |
+------+------------+----------------------+------+
21 rows in set (0.00 sec)

mysql> select * from has_composed;
+---------+---------+
| cmpr_no | cmpn_no |
+---------+---------+
|       1 |       1 |
|       1 |       8 |
|       2 |      11 |
|       3 |       2 |
|       3 |      13 |
|       3 |      14 |
|       3 |      18 |
|       4 |      12 |
|       4 |      20 |
|       5 |       3 |
|       5 |      13 |
|       5 |      14 |
|       6 |      15 |
|       6 |      21 |
|       7 |       4 |
|       7 |       9 |
|       8 |      16 |
|       9 |       5 |
|       9 |      10 |
|      10 |      17 |
|      11 |       6 |
|      12 |       7 |
|      12 |      19 |
+---------+---------+
23 rows in set (0.02 sec)

mysql> select * from concert;
+------------+-------------------+------------+------------+------------------+
| concert_no | concert_venue     | concert_in | con_date   | concert_organiser |
+------------+-------------------+------------+------------+------------------+
|          1 | Bridgewater Hall  |          1 | 1995-01-06 |               21 |
|          2 | Bridgewater Hall  |          1 | 1996-05-08 |                3 |
|          3 | Usher Hall        |          2 | 1995-06-03 |                3 |
|          4 | Assembly Rooms    |          2 | 1997-09-20 |               21 |
|          5 | Festspiel Haus    |          3 | 1995-02-21 |                8 |
|          6 | Royal Albert Hall |          7 | 1993-04-12 |                8 |
|          7 | Concertgebouw     |          9 | 1993-01-14 |                8 |
|          8 | Metropolitan      |          4 | 1997-01-15 |               21 |
+------------+-------------------+------------+------------+------------------+
8 rows in set (0.04 sec)


mysql> select * from performance;
+-----------+------+-----------+--------------+--------------+
| pfrmnc_no | gave | performed | conducted_by | performed_in |
+-----------+------+-----------+--------------+--------------+
|         1 |    1 |         1 |           21 |            1 |
|         2 |    1 |         3 |           21 |            1 |
|         3 |    1 |         5 |           21 |            1 |
|         4 |    1 |         2 |            1 |            2 |
|         5 |    2 |         4 |           21 |            2 |
|         6 |    2 |         6 |           21 |            2 |
|         7 |    4 |        19 |            9 |            3 |
|         8 |    4 |        20 |           10 |            3 |
|         9 |    5 |        12 |           10 |            4 |
|        10 |    5 |        13 |           11 |            4 |
|        11 |    3 |         5 |           13 |            5 |
|        12 |    3 |         6 |           13 |            5 |
|        13 |    3 |         7 |           13 |            5 |
|        14 |    6 |        20 |           14 |            6 |
|        15 |    8 |        12 |           15 |            7 |
|        16 |    9 |        16 |           21 |            8 |
|        17 |    9 |        17 |           21 |            8 |
|        18 |    9 |        18 |           21 |            8 |
|        19 |    9 |        19 |           21 |            8 |
|        20 |    4 |        12 |           10 |            3 |
+-----------+------+-----------+--------------+--------------+
20 rows in set (0.00 sec)

1. Give the organiser's name of the concert in the Assembly Rooms after the first of Feb, 1997. (1 point possible)
 
 mysql> select m_name as organizername from musician join concert
     on m_no=concert_organiser
     where concert_venue='Assembly Rooms' and con_date>'1997-02-01';
	 
+---------------+
| organizername |
+---------------+
| James Steeple |
+---------------+
1 row in set (0.00 sec)

2. Find all the performers who played guitar or violin and were born in England. (1 point possible)

mysql> select m_name from musician m join place p on m.born_in=p.place_no
     join performer pp on m.m_no=pp.perf_is
     where place_country='England' and instrument in('violin','guitar');
	 
+------------------+
| m_name           |
+------------------+
| Harry Forte      |
| Davis Heavan     |
| Alan Fluff       |
| Theo Mengel      |
| James First      |
| Harriet Smithson |
+------------------+
6 rows in set (0.00 sec)

3. List the names of musicians who have conducted concerts in USA together with the towns and dates of these concerts. (1 point possible)
 
 mysql> select m_name,place_town,place_country from concert join musician
     on concert_organiser=m_no
     join place on concert_in=place_no
     where place_country='USA';
	 
+---------------+------------+---------------+
| m_name        | place_town | place_country |
+---------------+------------+---------------+
| James Steeple | New York   | USA           |
+---------------+------------+---------------+
1 row in set (0.00 sec)

4. How many concerts have featured at least one composition by Andy Jones? List concert date, venue and the composition's title. (1 point possible)

mysql> select con_date,concert_venue,c_title from musician join composer
     on m_no=comp_is
     join has_composed on comp_no=cmpr_no
     join composition on cmpn_no=c_no
     join performance on c_no=performed
     join concert on performed_in=concert_no
     where m_name='Andy Jones';
	 
+------------+---------------+----------------+
| con_date   | concert_venue | c_title        |
+------------+---------------+----------------+
| 1997-01-15 | Metropolitan  | A Simple Piece |
+------------+---------------+----------------+
1 row in set (0.19 sec)

5. List the different instruments played by the musicians and avg number of musicians who play the instrument. (1 point possible)

mysql> select instrument,avg(cnt) from (
     select instrument,count(*) as cnt from performer
     group by perf_is) avgcnt
     group by instrument;
+------------+----------+
| instrument | avg(cnt) |
+------------+----------+
| banjo      |   3.0000 |
| bass       |   3.0000 |
| cello      |   1.0000 |
| guitar     |   3.0000 |
| horn       |   1.0000 |
| trumpet    |   2.0000 |
| viola      |   2.5000 |
| violin     |   2.2000 |
+------------+----------+
8 rows in set (0.00 sec)

6. List the names, dates of birth and the instrument played of living musicians who play a instrument which Theo also plays. (1 point possible)

 mysql> select m1.m_name,m1.born,instrument from musician m1 join performer
          on m1.m_no=perf_is
          where died is null and instrument in(
		  select instrument from musician join performer
          on m_no=perf_is
          where m_name like 'Theo%');
		  
+-------------+------------+------------+
| m_name      | born       | instrument |
+-------------+------------+------------+
| John Smith  | 2050-03-03 | violin     |
| Theo Mengel | 2048-08-12 | banjo      |
| Harry Forte | 2051-02-28 | violin     |
| Theo Mengel | 2048-08-12 | violin     |
| Harry Forte | 2051-02-28 | drums      |
| Jeff Dawn   | 2045-12-12 | violin     |
| James First | 2065-06-10 | violin     |
| Theo Mengel | 2048-08-12 | drums      |
+-------------+------------+------------+
8 rows in set (0.00 sec)

7. List the name and the number of players for the band whose number of players is greater than the average number of players in each band. (1 point possible)

mysql> select band_name,count(*) from band join plays_in
     on band_no=band_id
     group by band_name
     having count(*)>
    (select avg(play) from(
     select band_id,count(*) as play from plays_in
    group by band_id) avgplay);
	
+-----------+----------+
| band_name | count(*) |
+-----------+----------+
| AASO      |        7 |
| Oh well   |        6 |
| ROP       |        7 |
+-----------+----------+
3 rows in set (0.01 sec)

8. List the names of musicians who both conduct and compose and live in Britain. (1 point possible)

mysql> select distinct m_name from concert join composer on comp_is=concert_organiser
      join musician on comp_is=m_no join  place
      on living_in=place_no
      where place_country='England';
	  
+-------------+
| m_name      |
+-------------+
| Helen Smyth |
+-------------+
1 row in set (0.00 sec)

mysql> select distinct m_name from concert join composer on comp_is=concert_organiser
      join musician on comp_is=m_no join  place
      on living_in=place_no
      where place_country='Britain';
Empty set (0.00 sec)

9. Show the least commonly played instrument and the number of musicians who play it.(1 point possible)

 mysql> select instrument,count(*) as noofmusicians from performer
     group by instrument
     having count(*)=
     (select min(ins) from (
     select instrument,count(*) as ins from performer
     group by instrument) minins);
	 
+------------+---------------+
| instrument | noofmusicians |
+------------+---------------+
| banjo      |             1 |
| clarinet   |             1 |
| cornet     |             1 |
| horn       |             1 |
| trombone   |             1 |
| trumpet    |             1 |
+------------+---------------+
6 rows in set (0.00 sec)

10. List the bands that have played music composed by Sue Little;Give the titles of the composition in each case. (1 point possible)

mysql> select band_name,c_title as title from musician  join composer c
     on m_no=comp_is join has_composed  on comp_no=cmpr_no
     join composition on cmpn_no=c_no
     join performance on c_no=performed
     join band on gave=band_no
     where m_name='Sue Little'
     order by band_name,c_title;
	 
+---------------------+----------------------+
| band_name           | title                |
+---------------------+----------------------+
| BBSO                | Slow Song            |
| BBSO                | Slow SymphonyBlowing |
| Somebody Loves this | Slow SymphonyBlowing |
| Swinging strings    | Slow Song            |
| The left Overs      | Slow Song            |
+---------------------+----------------------+
5 rows in set (0.02 sec)


11. List the name and town of birth of any performer born in the same city as James First.(1 point possible)

mysql> select distinct m1.m_name,p1.place_town,p1.place_country from musician m1 join performer
      on m1.m_no=perf_is
      join place p1 on m1.born_in=p1.place_no
      join (select place_no,m_no from musician join place
      on born_in=place_no where m_name='James first') tbl2
      on p1.place_no=tbl2.place_no
      where m1.m_no!=tbl2.m_no;
	  
+-------------+------------+---------------+
| m_name      | place_town | place_country |
+-------------+------------+---------------+
| Theo Mengel | London     | England       |
| Alan Fluff  | London     | England       |
+-------------+------------+---------------+
2 rows in set (0.00 sec)

12. Create a list showing for EVERY musician born in Britain the number of compositions and the number of instruments played. (1 point possible)

mysql> select A.m_name,inscnt,compcnt from ((select m_name,count(instrument)as inscnt from
       musician left join performer
       on m_no=perf_is
       join place on born_in=place_no
       where place_country='England'
       group by m_name) A
       left join
       (select m_name,count(cmpn_no) as compcnt from
       musician m
       left join composer c on m_no=comp_is
       left join has_composed on comp_no=cmpr_no
       join place p1 on born_in=place_no
       where place_country='England'
       group by m_name) B
       on A.m_name=B.m_name);
	   
+------------------+--------+---------+
| m_name           | inscnt | compcnt |
+------------------+--------+---------+
| Harriet Smithson |      2 |       0 |
| Theo Mengel      |      3 |       0 |
| Harry Forte      |      3 |       2 |
| Davis Heavan     |      3 |       0 |
| Alan Fluff       |      2 |       0 |
| James First      |      1 |       4 |
| Fred Bloggs      |      0 |       2 |
| Andy Jones       |      0 |       1 |
| James Steeple    |      0 |       0 |
+------------------+--------+---------+
9 rows in set (0.00 sec)
		  
 mysql> (select A.m_name,ifnull(inscnt,0),ifnull(compcnt,0)
       from (select m_name,count(*)as inscnt from musician join performer
       on m_no=perf_is
       join place on born_in=place_no
       where place_country='England'
       group by m_name) A left join
       (select m_name,count(*) as compcnt from
       musician m join place p1 on born_in=place_no
       join composer c on m_no=comp_is
       join has_composed on comp_no=cmpr_no
       join composition c2 on c_no=cmpn_no
       where place_country='England'
       group by m_name) B on A.m_name=B.m_name)
       union
      (select B.m_name,inscnt,compcnt from (select m_name,count(*)as inscnt 
       from musician join performer
      on m_no=perf_is
      join place on born_in=place_no
      where place_country='England'
      group by m_name) A right join
      (select m_name,count(*) as compcnt from
      musician m join place p1 on born_in=place_no
      join composer c on m_no=comp_is
      join has_composed on comp_no=cmpr_no
      join composition c2 on c_no=cmpn_no
      where place_country='England'
      group by m_name) B on A.m_name=B.m_name);
	  
+------------------+------------------+-------------------+
| m_name           | ifnull(inscnt,0) | ifnull(compcnt,0) |
+------------------+------------------+-------------------+
| James First      |                1 |                 4 |
| Harry Forte      |                3 |                 2 |
| Harriet Smithson |                2 |                 0 |
| Theo Mengel      |                3 |                 0 |
| Davis Heavan     |                3 |                 0 |
| Alan Fluff       |                2 |                 0 |
| Fred Bloggs      |             NULL |                 2 |
| Andy Jones       |             NULL |                 1 |
+------------------+------------------+-------------------+
8 rows in set (0.00 sec)

 
13. Give the band name, conductor and contact of the bands performing at the most recent concert in the Royal Albert Hall. (1 point possible)

 mysql> select band_name,m.m_name contact,m1.m_name conductor from band b
      join performance p on band_no=gave
      join concert c on concert_no=performed_in
      join musician m on m.m_no=band_contact
      join musician m1 on m1.m_no=conducted_by
      where concert_venue='Royal Albert Hall';
	  
+---------------------+-------------+------------+
| band_name           | contact     | conductor  |
+---------------------+-------------+------------+
| Somebody Loves this | Theo Mengel | Alan Fluff |
+---------------------+-------------+------------+
1 row in set (0.02 sec)

14. Give a list of musicians associated with Glasgow. Include the name of the musician and the nature of the association - one or more of 'LIVES_IN', 'BORN_IN','PERFORMED_IN' AND 'IN_BAND_IN'. (1 point possible)

 mysql> (select m_name,"BORN_IN" status from musician join place
     on born_in=place_no
     where place_town='Glasgow'
     union
     select m_name,"LIVING_IN" status from musician join place
     on living_in=place_no
     where place_town='Glasgow'
     union
     select m_name,"PERFORMED_IN" status from musician join performance
     on m_no=conducted_by
     join concert on performed_in=concert_no
     join place on concert_in=place_no
     where place_town='Glasgow'
     union
     select m_name,"IN_BAND_IN" status from place join band
     on place_no=band_home
     join plays_in on band_no=band_id
     join performer on player=perf_no
     join musician on perf_is=m_no
     where place_town='Glasgow')
	 order by m_name;
+------------------+------------+
| m_name           | status     |
+------------------+------------+
| Andy Jones       | LIVING_IN  |
| Davis Heavan     | IN_BAND_IN |
| Elsie James      | IN_BAND_IN |
| Harriet Smithson | LIVING_IN  |
| Harry Forte      | IN_BAND_IN |
| James Quick      | IN_BAND_IN |
| James Steeple    | LIVING_IN  |
| Jeff Dawn        | LIVING_IN  |
| Jeff Dawn        | IN_BAND_IN |
| John Smith       | IN_BAND_IN |
| Louise Simpson   | BORN_IN    |
| Louise Simpson   | LIVING_IN  |
| Lovely Time      | BORN_IN    |
| Steven Chaytors  | BORN_IN    |
| Theo Mengel      | IN_BAND_IN |
+------------------+------------+
15 rows in set (0.13 sec)

15. Jeff Dawn plays in a band with someone who plays in a band with Sue Little.
 Who is it and what are the bands? (1 point possible)
